age,income,savings,risk_level,will_invest
25,29917.9,107958.4,High,0
56,74818.06,825927.48,Medium,1
50,45864.85,175668.92,Medium,0
41,38517.97,389162.51,Medium,0
41,42447.26,172946.05,Medium,1
59,50875.4,175897.07,Medium,0
25,63175.1,116156.09,High,0
52,25966.85,196822.01,Medium,0
30,25375.63,228481.64,Medium,1
26,82618.7,99959.29,Medium,0
45,35869.14,163886.41,High,0
64,20643.48,113907.04,High,0
54,57441.07,1009999.29,Medium,1
55,58062.26,168284.97,Medium,0
53,19390.23,573570.56,Low,1
56,51053.67,155436.94,Medium,0
44,67439.65,218639.13,High,1
27,55289.06,66815.41,Medium,1
58,63704.32,128721.66,Low,1
41,20786.72,210789.05,Medium,0
44,53986.53,591380.55,Medium,1
38,38100.28,212606.69,High,0
30,34505.82,508134.98,Low,1
62,72636.54,291052.51,Medium,1
56,101520.78,610029.83,Medium,1
50,120731.13,172203.2,High,1
39,92740.64,1080980.61,Low,1
58,42364.41,125074.52,High,1
45,54634.12,101302.44,Medium,1
41,68608.41,72632.84,Medium,0
41,48101.36,1034036.5,Low,1
31,48355.64,332800.27,Medium,0
26,70790.63,140101.38,Medium,0
46,43556.42,459309.32,Medium,1
61,30131.0,301486.73,Medium,1
24,35827.02,786468.33,Medium,1
59,63771.93,56378.18,Medium,1
58,45074.14,147516.02,Low,1
34,54259.49,127238.82,Medium,1
49,65053.24,40964.05,Low,0
29,36616.53,398697.21,High,1
55,68210.53,146959.85,High,0
52,55424.73,313462.66,Medium,1
37,22817.21,1056572.86,Low,1
24,99477.36,138106.36,Low,1
64,34166.75,131248.45,Medium,1
41,18108.11,196754.15,High,1
61,25327.44,377432.73,Medium,1
51,25663.96,117674.47,Low,1
56,46310.0,112138.61,Low,0
55,38707.94,397760.0,Low,1
30,37390.06,239113.02,High,1
38,63275.52,38838.45,Medium,0
42,54249.51,71802.05,Medium,0
43,53543.2,554953.18,Medium,1
23,56377.39,243326.23,High,1
46,63151.5,101627.07,Medium,0
28,15000.0,158404.14,High,1
54,36826.64,181795.85,High,0
52,15000.0,312547.63,Medium,1
62,45901.39,64991.68,High,0
54,44885.48,95798.31,Low,0
38,79974.29,220891.95,Medium,0
64,86475.52,167014.55,Low,0
40,50309.24,276400.59,Medium,0
36,34173.96,71580.76,Low,0
61,58762.34,235286.37,Low,1
38,33659.92,408154.0,Low,1
25,44965.55,259322.06,Medium,1
42,77403.92,199794.76,Medium,1
57,33111.75,167510.18,Medium,0
30,70090.39,96237.44,Medium,1
42,65315.75,170537.96,High,0
27,26616.38,463004.25,High,1
52,76884.5,164627.52,Low,1
42,66080.52,92351.68,Medium,1
36,47594.72,124433.51,Medium,1
31,29588.46,209263.57,Medium,0
46,28053.1,136022.64,Medium,1
51,33479.99,259027.52,Medium,0
63,60648.17,266424.17,Low,1
41,26604.19,350616.92,Medium,1
29,57242.36,523546.82,Medium,1
58,22730.26,379878.28,Medium,1
49,40222.43,89324.66,High,0
52,47797.28,91405.53,Low,1
26,172687.58,170056.08,Low,1
35,21097.17,128326.18,Low,0
55,101116.22,76647.1,Low,0
58,48865.7,129242.18,Low,1
41,56419.06,126099.61,Medium,1
57,48026.54,108752.11,Medium,1
59,57469.95,142040.86,Medium,1
39,41352.62,435630.75,Medium,1
61,100122.06,209010.69,Low,0
34,35008.94,1149191.19,Medium,0
32,83880.36,204555.23,Low,0
52,31571.68,144807.83,High,1
50,43533.2,180558.8,Low,0
28,24955.22,218181.18,Medium,1
58,57796.34,249484.63,High,1
30,99631.84,854477.65,Medium,1
57,43125.59,95484.75,Medium,1
22,40381.65,342832.3,Medium,0
57,24376.59,210349.37,Low,0
56,39668.27,55402.99,Medium,0
56,18739.35,320852.31,High,0
51,27237.09,465761.88,High,1
42,50978.03,94639.46,Medium,1
53,92955.39,178797.96,Medium,0
34,210972.64,49350.17,Medium,1
56,32591.15,70024.98,Medium,0
46,99094.86,395036.84,Low,1
42,51455.96,126867.66,Low,1
44,41408.09,78363.21,Low,1
47,57087.74,213802.38,Medium,1
23,46558.82,121649.93,Low,0
28,47816.95,126449.2,Low,0
32,35948.21,313390.92,Low,1
27,20857.26,75313.31,High,0
41,19253.03,91280.11,Low,1
51,64453.7,202050.33,Low,1
50,38647.32,372417.0,Medium,1
42,32421.23,455582.62,Low,1
59,45211.01,109307.01,High,0
46,69677.34,363576.44,High,1
25,49692.93,99968.0,Medium,0
55,31369.38,708120.21,Medium,1
47,88333.87,76909.44,Medium,1
49,107255.57,487512.51,Low,1
46,59066.78,110012.31,Medium,0
46,76874.75,814758.45,Low,1
25,89098.32,280464.57,Low,1
46,83781.91,84010.72,Medium,1
56,63080.84,121665.81,Low,1
35,62536.69,323384.74,Low,1
48,59887.98,396406.49,Medium,1
23,24609.36,170702.14,Medium,0
37,66158.95,186130.97,Low,0
41,21348.14,317895.15,Low,1
65,29067.85,198701.89,Low,1
31,92168.95,68226.17,Low,0
34,71434.69,97829.52,High,1
39,101975.39,214711.83,High,0
65,38754.29,447899.4,Medium,1
59,23877.24,604827.73,Medium,1
23,39425.86,322984.36,Medium,0
32,47597.47,223279.63,Medium,0
58,46998.06,315628.93,Low,1
24,83947.09,109168.63,Low,0
59,36890.86,160458.23,Medium,0
34,54613.52,97014.34,Medium,0
62,26125.65,70555.52,Low,0
34,57646.93,231161.96,Medium,1
41,45077.0,206870.26,Medium,0
51,29792.75,301477.75,Low,1
27,39525.91,271114.36,Medium,1
46,40664.92,215926.93,Medium,0
44,38786.69,273258.81,Medium,0
56,119211.61,174329.04,Low,0
65,42628.25,245335.19,Low,1
51,39350.93,104412.41,High,1
40,15000.0,237516.31,Medium,1
39,27518.22,297159.82,Low,1
40,38938.06,108928.94,Low,0
57,30859.47,187135.12,High,0
36,96216.58,112759.24,Medium,1
29,41097.48,121276.96,High,1
36,91405.61,77421.14,Medium,1
22,46553.4,465116.56,Medium,1
26,45930.89,400302.59,Medium,1
25,42855.09,269355.55,Low,1
55,45094.06,790055.99,Medium,1
53,115815.65,156182.09,Medium,1
52,15000.0,1748963.6,Low,1
42,15000.0,151761.44,High,0
53,33378.72,217968.79,Medium,0
29,45361.01,133569.7,Low,1
61,65773.69,237983.42,Medium,0
44,58373.41,336860.21,High,1
63,36427.62,165259.93,High,0
28,78817.62,682318.62,Medium,1
43,79302.52,215361.67,High,1
52,49793.99,220483.07,High,0
43,76410.81,91031.77,High,0
41,52280.18,246369.18,High,0
29,33044.23,162786.0,Medium,1
38,66053.28,114065.98,Medium,0
32,47822.67,100544.56,Medium,1
35,45033.17,1335123.91,Medium,1
52,101168.45,147724.48,Low,1
49,15000.0,60353.43,Medium,0
48,20633.92,106622.09,High,1
37,23424.3,173171.25,Medium,0
64,36850.5,271227.28,High,0
25,39119.77,272886.03,Medium,1
37,19641.28,298992.28,Low,1
27,26175.54,110975.74,Low,1
36,28027.88,232359.84,Medium,0
64,173859.19,93308.6,Medium,1
38,121221.63,113094.6,Medium,1
61,35880.73,90438.96,Medium,0
43,36843.96,73822.62,Medium,0
52,23917.26,399859.79,Medium,1
42,15755.52,301694.71,High,0
33,42198.23,374449.1,Medium,1
55,25993.43,185386.28,Medium,1
64,42948.2,322325.73,Medium,1
33,18663.12,48037.88,High,0
56,29594.14,343873.03,Low,1
33,48833.05,205572.08,Low,1
53,55040.97,288094.64,Low,1
56,56614.89,239361.35,Medium,1
41,21766.97,85855.49,Medium,0
54,72005.29,58523.42,Medium,0
33,28978.26,105521.66,Medium,0
25,63735.03,274965.27,Low,1
26,44737.46,302029.72,Medium,1
41,21107.94,64521.61,High,1
61,37816.81,86239.85,Medium,1
27,55015.37,104640.44,Low,0
42,63041.51,137686.32,Medium,1
52,41642.41,64807.33,Medium,0
30,104495.17,61955.6,Low,0
53,78319.25,97181.5,Medium,1
35,39075.78,192029.16,Medium,0
57,67981.08,74255.44,Medium,0
47,130353.36,165026.19,Medium,1
46,132281.08,398166.98,Low,1
29,22902.88,67804.06,High,0
42,27033.3,154180.27,Medium,1
59,101836.42,388201.45,Medium,1
22,25143.71,131532.71,Low,0
55,21742.41,117062.1,Medium,1
43,34441.28,430771.9,High,0
53,56700.74,143065.89,Low,1
51,42535.72,412125.58,Low,1
41,31464.27,248310.73,Low,1
35,31057.66,139187.7,Medium,1
49,30413.21,257939.42,High,0
28,27741.58,228902.01,Medium,0
47,157836.64,387075.19,Medium,1
26,53000.09,119306.72,Medium,0
50,73286.76,185649.67,Medium,1
49,34386.7,171884.04,Low,1
25,40625.11,305230.72,Low,1
55,30392.86,83435.38,Medium,0
40,15000.0,385942.98,Medium,1
56,21089.12,255367.44,Medium,0
23,16623.58,67038.23,Medium,1
29,15000.0,445480.72,High,1
43,23317.75,961530.86,Low,1
30,93259.7,381584.5,Medium,1
36,43913.54,524893.52,Low,1
51,91512.22,191902.11,High,0
28,56413.18,51770.9,Medium,1
51,69204.77,45144.41,Medium,0
26,27417.16,217950.59,Low,1
29,60029.46,115465.61,Medium,1
47,67185.36,90651.7,Medium,0
56,32769.77,171725.43,Medium,0
29,61216.07,285615.3,Low,0
35,61440.29,60545.11,High,0
62,33261.77,128547.52,Medium,0
65,24267.54,558558.78,Medium,1
47,23462.23,80357.91,Medium,0
41,47192.76,345598.52,High,1
37,53866.99,125136.96,High,1
48,29101.02,271049.69,Medium,1
48,45662.82,409916.09,Medium,1
34,61587.43,313850.95,Medium,1
23,63222.95,355962.91,High,1
28,105656.85,75888.24,Medium,0
64,90831.12,414968.09,Low,1
40,25944.31,94958.22,Low,0
43,113594.48,218680.81,High,0
42,33603.34,218468.42,High,0
56,79945.29,258992.41,High,0
24,46714.52,231753.51,Medium,0
25,35872.84,95592.98,Medium,0
34,16650.32,65402.23,High,0
43,40947.96,346269.84,Medium,1
51,19086.89,206920.11,Low,0
43,76606.13,426234.42,High,1
41,103637.42,174061.23,Low,1
63,29030.92,62745.29,Medium,1
29,53130.25,371501.95,Medium,1
47,30195.63,136343.7,Medium,0
45,31848.68,232632.38,Low,1
42,68898.51,110759.62,Medium,1
57,44056.22,617811.34,Low,1
33,117151.61,93273.24,High,0
63,34516.4,139754.11,Low,0
36,77967.92,195106.07,Medium,1
45,47476.74,79346.16,Medium,0
44,69709.76,230637.33,Low,1
59,35188.73,602983.43,Low,1
41,43789.98,124600.2,Medium,0
34,42230.31,242091.07,Low,1
22,28412.55,22894.12,Low,1
38,64767.72,174820.54,Medium,0
58,64347.59,142333.82,High,1
22,62372.07,97425.08,Medium,0
61,104793.69,405063.85,Medium,1
45,99863.29,140931.52,High,1
28,36614.45,157566.68,Medium,0
35,55248.5,135647.85,Medium,0
46,31934.35,42748.96,Medium,0
35,45581.77,77012.44,Medium,0
26,32356.03,370101.38,Medium,1
51,109694.71,36984.31,Medium,0
51,54964.99,101313.57,Low,1
27,39914.77,133375.28,Medium,0
34,86760.61,665589.59,Low,1
32,15000.0,320348.57,Medium,1
51,15000.0,118519.67,Low,0
54,69712.09,478828.32,Medium,1
53,46521.76,103293.04,Medium,1
63,51645.75,383669.58,Medium,1
55,21696.36,64961.77,Low,0
36,44428.62,402582.57,Low,1
26,135448.66,132735.26,High,1
49,70808.02,83227.57,Low,0
62,49402.5,152948.18,Medium,1
64,35345.92,221620.17,Medium,1
32,36221.3,124200.29,Low,1
32,15000.0,272713.55,Medium,1
23,51850.51,116246.33,Medium,1
28,71641.76,286642.6,Low,0
46,18917.21,250791.87,High,1
46,31277.01,171960.46,Low,0
38,23808.84,129272.18,Medium,0
35,26462.25,201665.92,Medium,0
58,46343.33,271957.87,Medium,1
42,15000.0,844974.3,Medium,1
57,63086.78,364134.09,Low,1
64,68120.81,374259.46,High,1
35,39195.27,1825010.46,Medium,1
30,15000.0,265051.91,High,0
63,26013.93,258899.38,High,1
49,88655.54,305200.26,High,1
34,15000.0,84456.14,Medium,0
49,37170.84,129028.15,Medium,0
44,23515.55,123140.98,Medium,1
61,70047.68,292559.29,Medium,1
33,31042.27,157957.49,Medium,0
65,56195.53,199661.7,Medium,1
63,61415.71,406892.01,Low,1
29,123542.68,343889.33,High,1
29,40247.36,159439.75,Low,1
45,55339.5,108903.32,High,1
23,19883.34,421750.08,Low,1
35,86607.81,321621.45,Low,1
41,29618.01,53961.14,High,0
64,33057.47,142321.9,High,0
65,44452.72,203790.69,Medium,0
28,19050.17,322814.91,High,1
61,51033.69,356214.46,Low,1
26,76613.17,222713.54,High,0
54,52866.83,279189.98,Medium,1
59,18779.56,188870.1,Medium,0
61,42037.72,108588.78,Medium,0
31,67679.17,147969.85,Low,0
61,16018.89,182582.16,Medium,1
27,24916.77,175378.66,Medium,0
44,72876.15,43762.5,Low,1
42,52206.92,133599.21,High,0
35,56443.88,187749.96,Medium,0
22,125133.93,145755.32,Low,1
55,58228.01,149581.14,Medium,0
36,64618.51,259550.26,Low,0
51,199851.09,80137.1,Low,1
40,40007.62,53086.63,Medium,1
38,29015.41,138632.91,Low,1
60,56937.29,319271.76,Low,1
26,57288.94,638180.8,Medium,1
54,33682.18,323614.51,Low,0
54,25504.23,59845.07,High,0
38,160304.79,151211.79,Medium,1
33,53862.06,218204.49,Low,1
22,30081.35,205644.75,Medium,0
63,74472.07,269733.72,Low,1
63,42378.14,90483.74,Medium,0
32,39156.94,188984.34,Low,0
23,61308.14,246706.4,High,0
27,22112.15,334357.26,Low,1
24,54631.33,98363.35,Medium,0
58,128867.87,138946.53,Low,1
61,58152.0,23690.96,Low,0
28,36588.93,112940.41,Medium,0
54,34047.43,121467.37,Medium,1
29,35908.55,83786.21,High,0
38,39133.66,203805.47,Low,1
48,36556.86,172603.62,Low,0
53,74487.68,33067.35,Medium,0
60,17346.62,211576.75,Medium,1
23,72295.55,89721.8,High,0
30,36519.08,259102.46,High,1
34,55367.0,68825.09,High,0
35,24211.29,184096.81,Low,0
65,93448.42,145559.42,Medium,1
56,89278.59,225943.12,Medium,1
36,76282.02,197646.45,Medium,1
64,19561.19,148648.39,Medium,0
43,70999.94,56869.13,Low,0
44,56223.39,59444.96,Medium,1
41,18611.2,116168.49,High,0
28,44402.64,178885.68,Low,1
63,54990.28,114065.28,High,0
22,61099.51,287684.9,Medium,0
29,49608.2,145990.44,Low,0
32,52817.35,87286.63,Low,1
34,101205.06,146113.63,Low,0
27,88321.29,213225.81,Medium,1
22,15000.0,229664.69,Low,0
51,37791.01,736376.25,Medium,1
64,41103.96,108992.04,High,0
27,17167.33,170348.76,Medium,1
35,47392.46,247782.12,Low,0
44,89432.06,176865.51,Medium,0
62,24755.56,123654.73,Medium,1
52,54145.94,56317.99,Medium,0
55,27193.0,122710.87,Low,1
47,31096.99,80453.55,Medium,0
40,101415.81,49303.83,Medium,0
30,33389.97,99106.77,Medium,0
60,58025.31,82075.38,Low,0
57,16078.65,278884.23,High,1
23,125328.36,282527.45,Low,0
53,62684.95,91381.9,Low,1
25,40702.42,148084.84,Low,0
54,61757.35,44668.78,Medium,1
58,20723.36,124238.35,Medium,1
27,86233.13,242789.13,Low,1
41,37655.19,334173.48,Medium,1
27,40222.41,105443.11,Medium,0
46,34337.98,396171.82,Medium,1
62,32697.68,57753.73,High,0
25,65939.08,70614.54,Medium,0
39,51801.09,306495.55,Low,1
64,64400.67,630364.22,High,1
35,44782.86,260611.51,High,0
27,59675.55,174635.35,Medium,0
43,35740.9,34694.08,High,0
44,153394.8,39492.93,Medium,1
51,18997.37,198346.2,Medium,0
35,90033.16,137608.11,High,1
64,95489.05,78537.83,Medium,0
44,28162.04,189067.91,Medium,1
34,153356.15,196233.52,Medium,1
64,77803.17,365500.9,Medium,1
62,76768.08,199419.08,Low,1
43,45698.92,452257.92,High,1
23,39932.4,181082.44,Medium,0
48,40104.46,165084.19,Medium,1
46,55782.17,399890.59,Medium,1
28,97252.91,86411.97,Medium,1
49,49718.91,1485924.54,Medium,1
58,27258.58,238507.31,High,0
26,70816.88,239506.08,Medium,1
53,74686.2,266874.59,Medium,1
28,64503.87,735690.27,Medium,1
54,67808.45,326143.48,Medium,0
40,38770.2,54009.77,Low,0
22,26996.8,515717.76,Medium,1
64,27914.77,139391.21,Low,1
29,18304.7,195063.11,Medium,0
48,51263.77,68959.29,High,0
29,42981.32,267096.06,Medium,0
63,35327.77,110434.89,Medium,1
54,15000.0,194043.83,Medium,0
57,22660.83,145457.3,Low,0
41,83356.35,762586.89,High,1
42,31221.85,796042.1,Medium,1
49,54871.16,186390.09,Low,1
56,20942.6,188847.56,Low,1
59,99280.63,136029.89,High,0
22,41572.85,412592.97,Low,1
51,52782.76,140648.93,Medium,0
26,161715.95,131230.31,Low,1
34,103617.32,374990.8,Low,1
58,38017.68,120209.08,High,0
33,32472.43,174974.56,Low,1
57,37622.89,54980.24,Low,0
42,59567.29,305240.38,Medium,1
32,42469.63,771708.63,High,1
36,36207.93,309165.24,Medium,0
45,100847.77,538779.41,Low,1
55,42260.26,95428.78,High,0
48,159403.14,214905.86,Medium,1
63,47302.87,88729.01,High,0
60,120131.58,151734.56,Medium,1
55,54772.5,321216.53,Medium,1
48,76423.54,194284.25,Medium,1
34,30208.59,62394.43,Medium,1
40,28137.27,67133.62,Medium,1
27,57945.38,63884.96,Medium,0
38,77506.89,260224.91,High,0
62,46007.46,846303.25,Medium,1
40,22179.01,500096.23,Medium,1
27,21296.02,43422.07,Medium,0
50,20526.93,522572.54,Medium,1
64,17021.38,363310.25,Medium,1
60,47793.01,56485.38,Medium,0
34,83549.28,143388.2,Medium,1
41,44669.18,409361.51,Low,1
45,15000.0,271994.54,Medium,0
32,40517.92,67433.07,Medium,0
33,41145.85,284579.73,High,0
32,142517.07,36227.97,Medium,0
65,20190.99,152298.17,Medium,1
54,36298.99,422599.29,Medium,1
58,114994.17,182500.43,Medium,1
57,57636.18,123810.69,Low,1
64,61343.22,350712.41,High,1
26,47927.24,373912.09,High,0
60,53953.98,480816.94,Medium,1
24,69016.65,346788.01,Medium,1
42,28830.82,405040.86,Low,1
48,72936.9,311886.17,Medium,1
37,21147.27,219664.93,Medium,0
28,53907.24,192498.55,Medium,1
30,49648.59,150657.95,Low,0
58,32062.95,72506.82,Medium,0
36,44442.03,87924.04,Medium,0
35,31952.98,145684.89,Medium,0
62,24958.81,215733.96,Medium,1
28,37046.52,530365.45,Low,1
62,24519.5,174444.9,Medium,0
62,53742.34,382054.81,High,0
48,23905.67,404415.81,Medium,1
29,66569.72,151316.21,Low,1
28,23496.44,281174.23,Medium,0
34,32956.89,149951.34,Medium,0
47,31916.74,485198.83,Medium,1
28,93269.5,289987.95,Medium,1
42,53964.26,73706.72,Low,0
27,40053.21,203181.64,Medium,1
45,59202.17,619579.47,Medium,1
22,15000.0,157123.73,Medium,0
53,43945.01,251827.2,Low,1
24,135002.77,271066.99,Medium,1
30,48397.74,82722.34,Medium,1
29,46712.64,264010.22,Low,1
58,60833.04,63280.71,Medium,0
24,73644.2,112588.41,Low,0
40,15000.08,403327.58,Low,0
48,17838.93,235220.66,Medium,0
44,50517.65,143251.02,Low,1
51,30370.76,251590.46,Medium,0
57,92598.82,172067.64,Low,0
39,37838.1,181706.13,Medium,0
58,15528.4,294585.93,Medium,1
35,22404.34,104316.66,Medium,1
65,15000.0,185528.62,Medium,0
44,39562.96,142416.48,Medium,0
54,40570.91,54803.51,Medium,0
60,35630.71,90252.84,Low,1
56,81454.61,583539.23,Medium,1
59,86994.8,240206.59,Low,1
45,40974.46,66704.05,Medium,0
23,15000.0,56695.29,Low,0
43,63191.35,165477.28,High,1
29,61075.49,580475.01,Medium,1
61,53347.54,156473.75,Medium,0
32,77205.94,479721.88,Medium,1
32,23712.61,234370.91,Medium,1
32,135840.03,256311.81,Low,1
50,26548.61,66099.85,High,0
47,67947.48,363616.25,Medium,1
63,17789.73,140016.16,Low,0
40,26977.87,343874.3,Medium,1
34,103613.25,97741.81,Medium,0
24,38984.63,205561.21,Low,1
22,71423.0,234383.59,Medium,1
38,51263.96,160361.7,Low,1
62,42475.84,243804.27,Low,1
45,95276.21,147401.34,Medium,1
61,39507.88,110626.76,Low,1
26,16899.04,600083.85,High,1
26,28930.04,395310.49,Medium,0
58,60935.62,101728.58,High,0
26,55935.12,275693.59,Medium,1
24,19006.49,103125.6,High,0
39,30213.05,74028.0,Medium,0
62,32678.45,390846.12,Medium,0
52,36805.75,50143.16,Medium,0
26,21113.44,360718.83,High,0
58,31850.67,148920.87,Low,0
59,30142.22,153591.56,Medium,1
57,68786.38,244758.07,Medium,0
61,70223.23,278343.5,Medium,0
32,41532.1,96853.49,High,1
65,36271.8,308354.8,Medium,1
36,48599.87,195974.54,Low,1
57,28718.63,70169.64,Medium,1
47,23948.48,158467.73,Medium,0
56,26830.54,507205.43,Low,1
49,31738.02,632957.29,Low,1
50,23730.28,308267.59,Low,0
49,49195.16,73714.48,Medium,0
56,67222.37,260059.91,High,1
54,18798.15,340734.14,Medium,1
27,45626.25,310206.39,Low,1
58,39872.94,324301.15,Medium,1
45,54298.26,236371.37,High,1
36,44680.9,170485.05,Medium,0
44,20230.33,114055.05,Medium,0
64,22473.76,43358.61,Low,1
59,45734.16,232220.69,High,0
58,79240.85,206953.99,High,0
42,15000.0,273455.45,Low,1
56,54424.37,66009.53,High,1
38,86570.11,291989.95,Low,1
52,41367.61,840389.67,Low,1
50,60902.48,190908.54,Medium,1
32,30568.64,171864.76,Medium,0
33,42140.58,226945.21,Medium,0
24,18451.77,826508.02,High,1
28,15000.0,83531.27,High,0
41,75579.39,209633.77,Low,1
43,26177.89,98811.48,Medium,0
29,35027.1,119426.76,Medium,0
40,20991.53,173428.28,Medium,0
48,20721.65,494451.61,High,1
32,40896.8,694852.64,Medium,1
36,30126.19,251907.88,Low,0
38,55398.17,135708.72,Low,1
44,57717.4,1167372.76,High,1
38,53684.79,130619.82,High,0
54,51310.37,117284.77,Low,1
36,107172.0,47548.47,Low,1
41,25015.26,512871.6,Medium,1
38,43660.7,372091.97,Low,1
30,83901.37,1103575.9,Low,1
52,90211.72,63485.68,High,0
32,20587.67,537315.24,High,1
35,37896.81,189721.74,High,1
56,94976.46,329485.39,Medium,1
63,59507.72,52306.68,Medium,1
51,50101.81,541324.12,High,1
62,39922.33,324681.41,Medium,1
59,36436.54,174823.05,Low,1
43,52729.92,292010.97,High,1
55,39167.87,101375.9,Medium,1
36,43958.42,116556.58,High,0
42,46987.98,127150.75,Low,0
45,30991.82,44853.92,High,1
64,60300.09,343530.44,Medium,1
59,223519.14,439946.03,Medium,1
43,16933.94,106372.68,High,0
50,53778.26,233716.56,Medium,1
30,29623.2,147496.06,Medium,0
57,61820.43,230249.23,Medium,1
46,46167.18,112423.6,Medium,1
45,68421.19,92794.56,High,0
55,85900.63,396237.2,Medium,1
49,50023.56,171580.73,Low,0
25,83871.95,820192.09,Low,1
34,15000.0,186361.68,High,0
29,107922.27,89873.07,High,0
54,55309.61,451765.17,High,1
23,81408.23,288893.17,Low,1
30,23005.44,310477.52,Medium,1
48,28495.3,439618.52,Medium,1
52,48760.89,110317.18,Medium,1
44,44580.28,163615.12,Low,1
59,52580.76,158280.61,Medium,0
62,81707.5,68367.46,Low,1
27,17043.88,147711.97,Medium,1
63,76881.32,490409.84,Low,1
49,45205.44,215069.33,Low,1
49,40228.77,65589.19,Low,1
26,20036.37,56040.65,High,0
49,59343.3,627371.52,Medium,1
53,15000.0,168210.74,High,1
47,64281.97,110763.71,Medium,1
25,19806.38,146564.12,Medium,0
45,46342.73,59440.51,Medium,1
63,42145.15,523364.53,Medium,1
53,85619.11,134043.87,Medium,0
28,40788.58,501953.76,Medium,1
64,30719.15,187109.8,High,1
64,34056.84,525897.24,High,1
29,90626.62,218214.33,Low,1
57,60438.47,341340.79,Medium,1
39,36399.9,308671.2,Low,1
48,39512.5,287270.75,Low,1
41,19005.25,233669.5,Medium,1
56,55719.12,151156.97,Medium,1
65,17094.62,757128.41,Medium,1
56,68043.73,91172.57,Low,1
62,48298.69,180582.47,High,0
63,167249.38,182020.85,High,1
25,24571.52,243419.77,Medium,1
33,42529.52,130432.05,High,1
53,120991.55,227924.99,Low,1
47,86654.31,158590.42,Medium,0
24,30684.14,54953.78,High,0
26,50899.07,181294.19,High,0
44,45049.51,78848.86,High,0
49,52548.59,49017.02,Medium,0
29,30642.51,199459.63,High,0
29,42842.74,259529.24,Medium,1
27,18685.24,267195.44,Low,0
46,48471.71,275430.38,Low,1
22,57637.53,42246.23,Medium,0
47,39709.16,64857.6,Medium,0
42,18511.36,790841.78,Medium,1
42,77505.97,82068.17,High,1
51,54990.0,284600.84,Medium,1
44,30185.27,107528.25,Medium,0
54,38564.5,191083.67,Medium,0
55,19713.32,111945.95,Medium,1
62,25602.42,274269.92,Medium,1
57,33477.25,199444.79,Medium,1
44,88437.31,128604.21,Medium,0
43,31656.25,81885.98,Medium,0
32,63993.4,220035.19,Medium,0
48,33467.96,72487.76,High,0
28,51574.82,248034.45,Low,1
62,41633.08,1290545.83,Medium,1
59,72736.52,495508.44,Medium,1
27,33532.54,308498.74,Low,1
56,18949.39,168806.21,Medium,0
27,21043.47,42051.39,Medium,0
53,33586.69,66769.21,Medium,0
25,22639.12,471091.1,Medium,1
43,56389.28,99547.99,Medium,1
50,34830.38,106539.71,Low,0
54,166117.62,158970.55,Medium,1
40,17303.68,81159.97,Medium,0
62,50332.99,71727.94,Medium,1
56,24198.44,173313.36,High,1
31,34305.02,92232.24,Medium,0
51,48639.85,103254.1,Low,0
54,15000.0,100189.52,Medium,0
36,51260.31,266327.57,Low,1
54,128157.71,151239.18,Medium,1
61,35067.38,157437.39,Low,0
57,51912.35,281650.31,Medium,1
55,79072.84,161810.7,Medium,0
49,41119.73,146096.38,Medium,1
33,32692.13,256158.05,Medium,1
56,15000.0,297110.83,Medium,1
38,64020.76,161200.95,Medium,0
45,42284.47,191217.72,Medium,1
35,25782.25,100144.5,Low,0
35,48244.93,94390.89,High,1
28,32643.26,320479.23,Medium,0
64,33650.51,251304.01,Medium,1
28,62810.52,253263.56,Low,1
25,21553.8,222204.39,Medium,1
63,80052.76,186346.77,Medium,1
46,20862.12,303464.84,Low,1
41,31254.92,362958.47,Medium,0
54,129577.98,356515.55,Medium,1
38,83655.54,166896.43,High,1
27,47481.71,509383.62,High,1
54,26825.98,213642.14,Low,1
29,33634.85,289234.85,Low,1
46,46850.6,222410.05,Medium,1
63,45938.35,216634.56,High,1
63,42806.22,103662.75,High,0
37,44243.33,304591.03,Low,1
56,39995.07,1520702.45,Low,1
48,20360.04,135892.01,Low,1
43,33871.76,189844.04,High,0
28,74418.59,128805.42,Medium,0
38,21201.64,124828.64,Medium,0
50,40544.78,573233.97,Medium,1
65,28668.47,108660.53,Low,0
22,47842.06,126140.52,Medium,0
53,36339.82,54725.91,Low,0
59,101415.81,101977.08,Medium,0
63,59458.78,49981.7,Medium,0
40,21871.2,289110.91,Medium,0
27,65094.36,1469576.83,Medium,1
33,29388.52,136721.74,High,0
59,32763.48,51567.33,Medium,1
60,53477.6,353525.85,Low,1
50,34336.24,104351.3,Low,0
27,73532.92,476976.42,Medium,1
27,29390.81,145683.3,Medium,0
43,32016.2,112066.8,Low,1
47,31363.93,157509.96,Low,0
23,32968.78,317757.79,Low,1
52,82369.72,151773.82,Medium,0
45,63592.81,124016.34,Medium,1
22,115253.23,155063.26,Low,1
26,156626.94,69343.02,Medium,0
41,25527.8,242434.25,Medium,1
53,46777.06,47130.1,Medium,0
58,23564.76,129006.88,Low,1
40,29340.81,318141.34,Medium,1
34,31820.7,225934.03,High,1
64,25159.29,280254.27,Medium,1
42,25232.29,171429.58,Low,0
35,41566.98,432796.0,Low,1
41,23045.43,360135.82,Low,1
22,71509.64,251530.08,High,0
35,27164.15,360905.51,Low,1
44,211014.2,316010.21,High,1
62,35107.02,129458.35,Medium,0
54,46818.21,65695.65,Medium,0
56,22070.12,246713.67,High,1
45,115009.3,271109.76,Low,1
26,83294.95,407813.86,Medium,1
39,52982.74,89185.27,Low,1
65,21454.21,91207.17,High,0
23,50528.08,254139.18,Medium,1
60,24285.4,170644.36,Low,1
52,100580.45,43756.3,High,0
34,70226.07,238480.6,Low,1
56,47425.21,44864.18,Low,1
58,15000.0,88589.6,Medium,0
23,26200.64,496070.41,Medium,1
26,65688.98,707414.03,High,1
51,87684.8,72328.23,Medium,0
65,82823.01,140599.19,Medium,1
23,18747.4,185847.0,Medium,0
51,53118.02,684628.97,Low,1
28,78664.81,124375.49,High,0
50,18075.87,125875.56,Low,1
49,44804.79,575075.32,Medium,1
25,52314.62,135892.62,Low,1
51,38139.17,309391.71,Low,1
61,16248.06,59447.86,Medium,0
59,37619.73,158306.38,Medium,1
23,37586.48,51845.04,Medium,0
32,41480.47,81563.47,High,0
32,33008.11,337767.53,Medium,1
41,35269.05,173387.3,Medium,0
28,44027.92,141688.01,Low,0
59,57398.18,102657.13,Medium,0
56,38062.43,152545.79,Medium,1
57,35922.2,225606.36,Medium,1
30,47344.81,376208.69,Low,1
22,15645.12,25130.87,High,0
62,58500.3,96460.73,High,0
34,44986.07,202811.92,High,1
50,45993.22,167136.28,Low,0
62,76330.02,243590.62,High,1
23,15373.02,219996.59,Low,1
22,15196.33,143209.12,Medium,0
22,52313.51,121245.44,Low,0
28,44824.2,149729.56,Low,1
24,49415.29,426031.64,Medium,1
58,34900.2,103954.25,Low,0
48,64848.71,171717.69,Medium,1
65,75159.6,206533.68,Medium,0
57,58724.25,580111.34,High,1
64,38986.16,143699.69,Medium,0
32,15000.0,369467.15,Medium,1
34,68699.53,453475.57,Low,1
59,88112.4,171595.7,High,0
32,64146.51,153686.93,Low,1
24,27739.55,140634.82,Low,1
51,65186.31,148574.94,Low,1
57,72237.1,341598.73,Medium,1
64,106060.68,214051.01,Medium,0
62,27793.5,214739.17,Medium,0
27,39730.23,77404.06,Medium,0
55,67874.62,87124.6,Medium,0
59,46443.57,898334.03,Medium,1
52,24340.27,157525.53,Low,0
58,56526.04,100673.02,Medium,0
58,61863.26,526515.74,Medium,1
41,47230.6,222363.46,Medium,1
23,50776.53,277708.79,Low,1
42,39031.7,162295.95,Medium,1
30,101465.2,141734.0,Medium,1
27,27420.25,158501.98,Low,1
27,32577.96,63809.57,Low,0
52,45272.71,168512.73,Medium,1
44,72972.83,224748.42,Medium,1
45,19749.09,721119.08,Medium,1
54,21889.33,191992.47,Low,1
46,15000.0,31259.52,Medium,0
49,45816.53,167748.83,Medium,0
25,24327.18,1404708.31,Medium,1
59,36421.52,344719.67,Medium,1
41,64742.67,97982.62,Medium,1
28,31620.76,280419.51,Low,1
57,51104.25,103177.08,Medium,0
54,38169.11,65209.24,High,0
24,65126.1,138612.16,High,1
30,58438.97,192790.03,Low,1
22,30756.43,44205.1,Medium,0
33,41013.61,76026.91,Medium,0
26,79895.65,181400.72,Low,1
53,55869.56,132532.38,Medium,1
44,20870.43,242030.88,Medium,0
65,64537.89,72381.85,Medium,1
54,24782.22,307520.63,High,0
48,97860.66,74079.4,Medium,0
44,79037.06,617085.49,Medium,1
24,52778.27,49706.62,Medium,0
25,49064.74,79324.03,Low,1
49,40112.77,246160.79,Medium,1
22,65356.09,627116.16,High,1
23,36698.45,227975.72,Medium,0
31,51224.91,274540.91,Low,1
60,72691.64,182383.12,Medium,1
42,33038.35,83359.12,High,0
53,32064.72,124630.47,High,1
40,23330.5,72531.76,Medium,0
29,25058.23,68987.43,Medium,0
38,16461.84,243293.5,Medium,1
26,67226.55,77522.9,High,0
55,121700.79,228748.32,High,1
30,98552.89,67801.87,High,1
38,18399.36,224807.42,Medium,0
65,67042.89,124766.62,Low,0
48,98378.37,516935.7,Medium,1
42,35002.41,229463.97,Low,1
45,47582.19,454771.01,Low,1
56,15000.0,102127.48,Medium,0
33,52110.55,187741.19,Medium,1
50,25070.82,86240.64,High,0
60,50222.43,131993.53,Medium,0
47,19067.8,147876.68,High,0
41,60656.97,104434.82,Medium,1
28,79055.05,72336.56,Medium,0
32,29250.99,62353.44,Low,0
63,24079.36,31129.18,Medium,0
45,15000.0,81507.66,Low,0
35,38866.59,288177.69,Low,1
40,32680.74,54276.04,Low,1
47,19174.89,64512.87,High,1
45,57732.65,689613.14,Medium,1
52,35134.33,111674.1,High,0
33,24903.48,229004.43,High,0
50,33170.06,291399.36,High,1
41,81115.98,295849.67,Low,1
63,62694.76,57467.59,High,0
28,41894.23,151360.15,High,0
28,63254.75,53478.86,High,0
42,23763.74,1127429.17,Low,1
44,45808.33,54423.74,Low,0
52,48798.02,82029.32,High,0
39,34752.53,82475.91,Low,1
62,57177.74,58583.99,Medium,0
42,29295.21,496410.04,Medium,0
27,59564.75,1107425.0,Low,1
27,60957.98,125982.75,Low,0
64,15000.0,66862.58,High,0
27,86602.67,33624.76,High,1
63,15000.0,149886.05,High,0
34,32067.26,141979.51,Medium,0
26,79091.38,110441.37,Low,1
35,37794.17,212509.84,Medium,0
49,20090.76,242096.57,Medium,1
40,24658.14,229354.6,Low,0
56,79159.17,142005.13,Medium,0
48,15640.05,78786.41,High,0
39,83730.86,296584.35,Medium,1
49,43656.68,181697.31,Medium,0
64,23355.79,350452.44,Medium,1
40,32653.41,325549.17,Low,1
28,25717.95,61969.06,Low,1
39,72463.74,61392.65,Medium,0
58,67322.72,102135.6,Medium,0
31,17481.16,81512.62,Medium,0
63,36042.07,317156.61,High,0
47,27991.77,234261.76,Low,0
48,91660.63,410487.24,Low,1
35,21415.35,242335.22,Low,1
62,108743.13,210491.24,Low,1
23,44183.45,442638.84,Medium,1
35,23750.38,256019.18,High,1
40,31005.41,189432.46,High,0
43,28955.85,546370.12,Medium,1
42,22323.11,196240.81,Medium,0
28,47409.25,143265.76,Low,1
31,22903.94,96023.16,Medium,0
26,15000.0,304973.82,Medium,1
47,36519.28,455203.58,High,1
37,16694.7,173298.63,Medium,0
46,29754.31,480051.59,Low,1
47,27293.7,41076.89,Medium,0
52,27868.41,172667.33,Low,0
46,135259.1,174667.76,High,0
50,46418.07,104345.87,Low,1
47,51501.79,1075835.26,Low,1
50,16939.42,171282.18,Low,0
49,31405.49,132576.36,High,0
35,50657.08,183539.23,Medium,1
32,25614.83,40078.76,Medium,0
56,74150.52,101804.66,Medium,1
37,23223.84,376300.05,Low,1
46,38442.4,112308.31,High,0
30,32600.71,96669.75,Low,1
40,49256.38,480631.6,Low,1
45,31639.08,491837.14,Medium,1
49,38770.94,265257.14,Low,1
45,39519.37,127947.35,Low,1
37,30046.59,150408.29,High,0
64,58760.16,98479.1,Medium,1
44,51304.38,85359.95,Low,1
57,42859.39,82240.22,Medium,1
54,35513.41,113229.42,Medium,1
46,69739.14,82840.42,Low,1
61,39525.8,55711.02,Low,1
27,38014.93,212195.68,Medium,1
62,47667.13,214627.41,Medium,0
59,114409.62,644549.37,High,1
44,21530.41,109038.72,Medium,0
54,68722.99,224759.8,Low,1
44,15885.68,227577.6,Medium,1
33,50712.01,148796.36,Medium,0
57,107013.83,314570.13,Low,1
32,58875.8,321944.36,Medium,1
35,49427.47,230100.27,Low,1
44,33063.01,148595.38,High,0
58,45775.02,137663.08,High,0
38,39174.58,64530.72,Medium,0
43,29206.03,98348.62,High,0
23,38368.27,112894.21,High,1
27,50187.81,77476.76,Low,0
24,29508.94,250359.99,Medium,1
25,28881.68,441610.27,Medium,1
60,21296.2,91095.65,Low,0
59,55788.14,222635.95,Medium,0
58,60739.26,82878.32,Low,1
24,51114.88,143203.29,High,1
25,76516.49,107255.05,Medium,0
34,47228.13,282697.83,Medium,1
46,55827.61,108187.49,Medium,0
36,53184.82,384407.11,Low,1
43,42790.47,149704.94,High,1
29,33606.2,110581.64,Low,1
54,152086.04,70314.49,Low,1
35,35096.08,217643.9,Medium,1
24,31200.36,352260.39,Medium,1
54,57132.2,220952.51,Medium,0
61,51685.77,964954.16,Low,1
22,20780.75,525998.02,Medium,1
41,83440.64,142923.72,Low,1
58,42728.04,141802.65,Low,0
53,24426.05,256013.3,Medium,1
59,86530.22,96009.05,Low,1
40,63483.76,431675.04,Medium,1
38,22447.17,236076.82,Medium,0
53,119595.24,218175.77,Medium,0
28,64650.84,301319.78,Low,1
32,44748.35,655290.9,Medium,1
48,107908.41,204623.84,Low,1
51,49120.49,165368.54,High,0
27,44310.28,558076.79,Low,1
44,31296.22,371898.01,Low,0
38,61971.85,141489.0,Medium,1
44,58486.39,180701.53,Low,1
64,45364.8,208406.92,Low,1
25,29141.7,236114.43,Low,1
65,48333.45,65072.82,Medium,0
41,43305.22,56604.78,Medium,1
55,21612.06,92519.03,Medium,0
40,20028.69,87304.59,Medium,0
35,61405.34,111062.03,Medium,0
55,15000.0,289741.7,High,1
52,50382.22,158580.12,Medium,1
28,34595.26,208565.43,High,1
53,92406.57,71860.68,Medium,1
55,34303.76,127322.75,Medium,0
39,64675.26,279611.21,Medium,1
62,36174.7,281229.54,Medium,1
50,47905.2,104535.47,Low,1
36,67486.16,203202.63,Medium,0
22,34891.97,936446.83,Low,1
51,77848.74,177639.89,Low,1
31,26052.89,107025.45,High,0
55,52915.09,158006.32,Medium,1
45,74747.39,192884.14,Medium,0
42,64694.95,160706.64,Medium,1
29,129115.48,175816.5,Medium,0
53,29570.31,60969.38,High,0
29,21075.9,87442.72,Medium,0
40,26043.76,160927.74,Medium,0
58,64709.36,159016.17,Medium,0
62,59176.24,117720.7,Medium,0
65,47603.37,157621.51,Medium,1
64,24265.03,188428.38,High,0
46,68610.08,350730.09,Medium,1
30,22944.42,167092.58,Medium,0
58,85121.94,242811.22,Medium,1
57,216643.6,119911.82,Medium,1
65,55048.28,276449.63,High,1
50,62014.73,238591.9,Medium,1
28,34315.24,344577.7,Medium,1
44,16627.29,307369.99,Medium,1
41,32303.22,279921.32,Medium,1
59,24669.56,167192.16,Low,0
39,20303.84,216298.91,Medium,0
36,116042.96,399649.75,High,1
25,52286.43,110376.91,Medium,1
58,55450.5,112353.6,Low,1
55,37966.35,206237.91,Medium,0
23,40918.55,245775.03,Medium,0
41,76490.41,97016.1,Low,0
43,44206.73,170184.8,Medium,0
42,60252.51,167747.15,Medium,0
62,40401.23,34175.08,High,0
28,37280.8,152667.35,Low,0
35,20756.51,159967.15,Low,0
29,15163.64,159610.61,Medium,1
32,38970.44,520553.44,Low,1
61,46420.24,72320.54,Medium,1
63,22182.22,96978.56,Medium,0
23,44154.79,25376.16,Low,0
49,46350.24,125495.43,Medium,0
32,15000.0,133783.68,High,0
30,27203.45,122789.8,Medium,0
34,56297.92,413110.39,Medium,1
30,55675.76,343236.6,Medium,1
43,23858.52,190823.59,Low,1
65,49097.54,136318.91,Low,1
47,78963.56,388618.87,Medium,1
53,68996.28,177352.35,Medium,1
43,42702.41,97441.71,Medium,1
22,34788.1,49688.34,Low,1
25,31833.62,129278.76,High,0
33,58204.54,317011.98,Low,1
32,50097.43,992632.86,Medium,1
58,63614.07,188512.56,Medium,1
59,48385.16,101386.53,Medium,0
59,70596.65,74012.42,Low,1
50,47403.14,272305.07,Low,0
46,69285.89,47918.17,Medium,0
50,72647.21,271976.5,Medium,0
39,28909.57,332367.26,Low,0
51,16646.22,249676.59,Medium,1
56,105170.58,152659.6,Medium,0
55,51822.52,274970.09,Low,1
49,17526.17,204621.23,Medium,0
24,30388.42,100420.26,Low,0
53,68799.28,721091.54,Medium,1
38,38584.1,138268.48,Low,0
54,33954.75,322070.7,Medium,0
45,97236.63,29341.3,Medium,0
60,25296.21,468862.72,Medium,1
36,29011.09,541601.05,Medium,1
62,50548.08,184072.96,High,1
59,55779.85,273700.69,Medium,1
36,59124.84,273648.17,High,1
43,74280.12,111148.73,Low,1
45,50193.26,271319.9,Medium,0
55,58898.97,98148.73,Low,1
52,39020.9,114021.74,Medium,0
59,46578.85,419122.91,Medium,1
38,47741.75,373885.69,High,1
44,50651.38,105972.03,Medium,1
40,68824.47,103832.04,Medium,1
62,61068.28,110914.47,Low,1
35,46107.79,311823.25,Low,1
47,28836.54,85026.95,Medium,0
27,46706.42,235212.96,Low,1
59,44311.88,315163.63,Low,0
38,50044.49,168472.54,High,0
36,151449.37,383947.04,High,1
47,33736.74,143269.03,Medium,0
43,56765.09,153325.81,Medium,0
59,80989.27,86489.43,High,1
45,47492.11,386000.96,Low,1
44,162792.65,101297.98,Medium,0
26,36552.18,233991.72,Medium,0
22,53780.53,170625.28,High,0
39,29000.68,81725.78,High,1
65,37089.13,113992.14,Medium,1
62,51602.81,507811.86,Low,1
49,71674.12,209390.31,Medium,0
49,53633.01,84444.46,Low,1
39,89942.96,226320.71,High,1
29,42709.94,161316.99,Low,0
22,37486.09,2400642.41,Low,1
36,199109.38,222917.05,Medium,1
35,55896.02,135299.14,Medium,0
30,30293.94,522161.95,High,0
33,30717.04,45248.96,Low,1
23,26794.28,193194.41,High,0
48,75322.25,803340.15,Low,1
62,36827.87,164977.22,Low,1
52,48265.25,49056.91,Medium,0
41,43455.3,133756.15,Low,0
40,67288.09,535845.24,Medium,1
35,28246.04,238652.63,Low,1
28,24905.73,95948.81,Low,0
48,50908.3,107665.02,Medium,1
46,62626.6,118295.02,Low,1
22,54030.85,236005.54,Medium,1
40,28831.34,491078.48,Medium,1
34,65318.75,396340.67,Low,0
29,29890.45,253399.17,Medium,0
52,33778.22,66302.21,Low,0
45,26775.52,66487.07,Medium,0
49,92047.02,268512.07,Low,1
53,63754.79,65618.23,High,0
65,62765.71,151984.96,Medium,0
57,89356.03,226120.87,Medium,0
49,211371.99,76689.24,High,1
60,17576.95,83492.77,Medium,1
43,29980.75,167731.76,High,0
65,32065.04,262616.44,Medium,1
55,28182.8,399053.67,High,1
50,24878.19,283793.52,High,1
61,38162.5,190223.42,High,1
44,23046.88,102854.03,Low,1
53,54105.5,80622.41,Medium,0
34,46297.9,122706.96,High,0
64,58628.93,244791.92,Medium,0
49,59496.24,231695.64,Low,1
56,62697.17,37264.1,High,1
42,36645.39,99853.0,Low,1
60,144501.71,444227.81,Medium,1
25,51192.84,191018.09,Medium,0
27,16156.07,62190.37,Low,0
44,25928.84,1053446.8,Medium,1
54,17277.17,176134.97,Low,0
57,45431.08,240136.45,Medium,0
41,42084.08,242888.0,High,0
50,34779.51,136627.77,Medium,1
46,136002.31,104300.55,Medium,0
64,60861.64,883784.35,Low,1
50,67088.76,381977.33,High,0
40,26965.87,333422.27,High,1
64,25974.95,277320.46,Low,1
26,45920.22,84814.69,Medium,0
65,49492.27,469235.37,Medium,1
28,16211.02,95641.55,Medium,1
34,40751.54,222610.13,Medium,1
58,45349.64,52636.74,Medium,0
54,39978.05,38951.32,Medium,0
64,28768.98,228531.77,Low,1
54,33445.53,98114.23,Medium,0
50,40828.89,40491.06,High,0
37,47304.36,269997.85,Low,1
22,62758.74,882728.28,Medium,1
27,81543.24,510365.45,Low,1
35,38274.02,148408.47,High,0
23,35015.0,181198.09,Medium,0
44,57246.88,350281.3,Medium,1
56,62968.03,417612.04,Low,1
64,35440.39,139115.57,Medium,1
43,69503.62,184673.64,High,1
60,77125.54,225522.05,Medium,0
65,91568.75,272697.76,Medium,1
59,119670.12,162902.12,Medium,1
42,27942.07,164497.1,Medium,0
36,45345.3,506655.41,Medium,1
65,45279.99,445901.19,Medium,1
32,42636.98,257498.73,Low,1
40,31486.78,653464.79,Medium,1
25,19877.8,134709.76,High,0
56,47353.28,608007.33,High,1
50,29490.46,270384.07,High,0
25,47179.47,2092733.62,Medium,1
31,29076.74,73596.35,Medium,0
46,24577.97,107334.26,Medium,1
45,51189.1,246424.39,High,0
57,48894.72,242471.07,Medium,1
33,61884.37,777093.82,Medium,1
62,149738.07,109035.75,Medium,0
41,52413.9,354832.46,Medium,1
58,58759.77,430438.35,High,1
32,24878.49,305345.13,Medium,0
23,22172.74,87549.96,Medium,0
24,107470.75,517379.14,Low,1
38,27078.73,452573.67,Medium,1
63,25342.76,282208.24,Medium,1
24,44042.63,209813.2,High,0
38,42822.2,213265.5,Medium,0
26,27392.9,169678.42,Medium,0
62,38050.99,291064.74,Medium,1
51,88483.77,184252.66,Medium,1
55,28886.26,95255.53,Medium,1
53,20908.23,81983.1,Low,1
50,75572.24,102404.4,High,0
56,58993.41,212630.52,Medium,0
22,31988.53,176397.5,Medium,0
60,18849.2,211550.7,Low,1
54,29877.92,262058.22,Medium,1
54,43666.23,112445.22,Medium,0
39,85437.25,540341.84,High,1
57,25445.59,147256.17,Low,1
38,42956.01,130045.79,High,0
24,65234.73,258461.44,Medium,0
61,15000.0,45402.82,Medium,0
32,79459.3,99489.89,Low,1
26,23483.89,375688.92,Medium,1
49,54014.9,48905.53,High,1
32,51538.97,416188.17,Medium,1
59,81710.7,559089.34,Medium,1
41,60926.66,136437.32,Medium,1
22,15000.0,224038.17,High,0
63,29225.27,416660.68,Medium,1
44,48553.94,126832.2,Medium,1
33,40424.0,345084.22,Low,1
51,58518.82,108809.13,High,0
45,69464.38,125807.77,Low,1
23,62885.21,98835.27,Low,1
55,39997.27,232744.72,High,1
39,16300.2,428990.01,Low,1
52,35028.0,156784.48,Low,0
61,56580.53,69374.54,Medium,0
48,24702.8,79912.06,Medium,1
51,63679.56,241992.42,Low,0
33,74164.0,717694.62,Medium,1
32,48252.1,241833.77,Medium,1
40,15000.0,134664.22,Medium,1
59,22280.55,319767.71,Low,1
45,126984.69,150405.18,Medium,1
37,33316.96,135536.77,High,0
56,15110.41,87716.72,Low,1
59,88769.98,517646.97,Low,0
61,45331.77,26803.99,Low,1
35,82630.57,327455.2,Medium,0
53,52404.36,127122.11,Low,0
47,57908.84,132317.1,Medium,0
41,54944.17,640464.19,High,1
39,66041.35,105357.42,Low,1
27,157472.25,108083.6,Medium,0
34,76762.48,163230.15,Low,1
46,18868.16,245511.16,Low,1
61,57531.14,129226.28,Medium,1
60,84308.01,55288.37,Medium,0
30,87195.08,94036.52,High,1
51,35588.76,470575.89,Medium,1
25,85403.06,190383.31,Low,1
51,74957.46,252464.92,Medium,1
37,185220.51,147952.45,Low,0
41,29789.67,109764.11,High,0
53,34041.9,633420.15,Medium,1
40,38027.02,156305.58,Medium,1
57,34365.06,129079.62,Medium,0
45,27581.66,409551.9,Medium,1
65,15000.0,104709.16,Medium,1
50,35430.67,115227.84,Low,1
35,55136.36,181388.63,Low,1
56,34308.41,180036.47,Low,0
39,130467.24,218692.22,Medium,1
45,45332.27,864117.42,Medium,1
28,91535.65,231630.41,Low,1
27,51958.42,30247.59,Medium,1
47,70894.05,229908.42,Medium,0
30,52470.2,185187.13,Low,1
65,95535.13,185962.38,High,1
59,46406.02,216462.5,Medium,1
52,59117.61,176169.77,Medium,1
54,55044.7,173035.67,Medium,1
48,38401.84,285071.49,Medium,1
24,56227.32,119868.61,High,0
39,153787.98,88428.3,Medium,0
43,38781.53,1738526.06,Medium,1
62,56676.98,105221.09,High,1
31,89876.9,194039.94,High,0
43,84251.11,58627.96,High,0
37,45290.92,196430.4,Low,1
27,15000.0,89392.58,Low,0
26,59790.63,129166.48,Medium,0
38,15000.0,394159.38,Medium,1
25,101000.75,256457.77,Medium,0
24,49396.18,275686.4,Medium,1
37,77982.4,47681.96,Medium,1
30,27398.86,713818.14,Medium,1
46,19159.21,73629.51,Medium,1
22,51939.39,566443.57,Low,1
35,44175.95,387267.14,Medium,0
41,34340.14,277537.6,Medium,1
64,47144.92,94795.15,Medium,1
49,206180.55,201673.33,Medium,1
60,71211.3,126439.74,Medium,0
37,80148.95,183963.35,Medium,1
41,71580.86,149239.54,Low,0
40,101531.25,39017.06,Medium,0
61,40533.27,417504.35,Medium,1
64,15000.0,169376.91,Low,0
64,40566.4,125130.42,Medium,0
55,70324.28,118239.41,High,0
44,26397.58,235521.34,Low,1
45,40839.97,92078.33,Medium,1
65,30759.2,33167.66,High,1
34,102799.3,244277.34,High,0
37,67956.23,265677.75,Medium,0
61,64393.32,154970.22,Medium,0
38,63341.66,76098.59,High,0
32,44087.46,192415.77,Medium,1
46,50165.04,60012.78,Low,1
36,23448.6,83307.11,Low,0
61,15000.0,102507.24,Medium,0
61,48872.12,338969.85,Medium,1
35,53777.61,137139.5,Low,1
45,87510.43,128645.05,Medium,1
65,106793.51,779752.25,Medium,1
54,106714.99,234464.39,Medium,1
31,25990.98,232107.99,High,1
47,37074.03,136412.21,Medium,0
49,58606.54,115085.82,High,0
50,181129.1,34923.22,High,0
23,101566.83,372230.11,Low,1
35,83290.2,251939.54,Medium,0
59,36356.72,157367.27,Low,1
32,27685.33,162395.84,High,0
35,69446.86,312643.96,Low,0
36,24564.41,56088.14,Medium,0
29,39469.27,115647.39,High,0
28,42247.05,76763.53,Low,0
37,108068.38,679657.38,High,1
60,37024.47,347129.71,Low,1
22,15000.0,34499.24,Medium,0
34,59388.88,57837.4,Medium,1
24,30636.76,162991.43,Medium,1
46,46067.58,126295.79,Medium,0
33,42904.42,66664.34,High,1
56,38711.06,773966.45,Medium,1
47,69501.6,227548.13,Medium,1
56,19367.31,256998.2,High,0
49,33862.38,107119.56,Medium,0
41,65554.6,309408.52,Low,0
59,32101.92,135318.64,High,0
42,18575.04,145539.78,Low,0
63,64998.74,284635.19,Medium,1
65,83459.75,53048.61,Medium,0
47,43900.04,596290.37,Medium,1
51,15305.27,206386.12,Low,0
33,66350.14,470438.39,Low,1
57,18060.44,80350.0,Medium,0
51,53330.16,90069.63,Low,0
61,27620.48,75303.88,Medium,0
33,23777.76,217169.92,Medium,0
56,35290.44,189131.84,Medium,1
42,40684.57,127058.55,Low,0
30,31574.44,84133.51,Medium,1
29,62205.87,69617.06,High,0
46,35209.8,173572.25,Medium,0
36,77151.23,126946.63,Low,1
26,52525.97,107635.62,Low,1
40,30661.45,574370.1,Medium,1
50,27949.4,169222.19,High,0
36,18183.95,466607.79,Medium,1
64,52802.88,120664.95,Low,1
56,37026.7,216272.47,Medium,0
44,15000.0,172664.4,Low,1
63,33515.88,50387.35,Low,0
41,27415.09,525426.64,High,1
28,107048.84,162648.53,Medium,1
23,17639.39,315062.34,Low,0
63,20367.07,102404.98,Medium,1
64,82859.45,159066.69,Low,0
54,94905.55,93955.15,Low,1
26,29872.01,454844.55,Medium,1
34,31785.66,227355.27,Medium,1
23,63155.0,237044.29,Medium,1
24,15000.0,498495.7,High,0
32,16167.55,428466.61,Low,1
47,38561.68,319565.98,High,0
24,105541.3,61970.68,Medium,0
65,35410.59,106825.59,Low,1
42,47568.83,84778.4,High,1
33,83952.12,310631.44,Low,1
44,143372.92,204577.28,Medium,1
56,32766.15,63438.6,Medium,0
35,44585.21,156240.84,Low,1
24,122583.55,58696.06,High,0
24,19481.26,172965.04,Low,0
59,79188.58,52009.56,High,0
26,25702.52,267622.52,Low,0
49,47609.02,238991.7,Low,1
38,39378.58,752889.31,Medium,1
56,26569.29,339971.51,High,1
24,26205.16,131075.19,Low,0
61,52388.67,332456.63,High,1
52,77805.27,63099.25,Low,1
41,41900.91,87453.08,Medium,0
31,46769.19,231091.5,Medium,1
64,61609.02,35668.56,Low,1
35,26371.19,175052.56,High,0
43,67592.25,83743.57,Medium,1
39,70619.14,194209.44,Medium,0
32,188416.88,80210.51,Medium,1
40,36591.11,247433.77,Medium,0
28,34977.94,182628.2,Medium,0
22,68689.32,514518.39,High,1
34,70609.86,180911.46,Medium,1
26,33527.45,101136.87,Medium,1
40,36050.58,149574.18,Medium,0
59,60599.37,65679.02,Medium,0
29,28545.27,244095.56,Medium,0
22,35904.72,280155.42,Medium,0
26,47272.96,1146941.23,Medium,1
44,77822.36,112908.74,Medium,1
34,32269.85,147246.92,High,0
43,16335.67,116878.85,High,0
23,15682.32,211038.83,High,0
36,22510.58,239660.84,Medium,1
40,21854.79,172936.71,Medium,1
40,41331.57,406547.71,Low,1
46,23400.99,113320.74,Medium,0
56,30573.92,377129.03,Low,1
42,29397.67,269570.58,Low,1
59,35317.66,178383.27,High,0
45,93134.05,142131.74,High,0
33,64762.95,1110935.43,Medium,1
32,45400.98,97533.93,Low,0
36,34921.34,225068.94,Medium,0
48,35459.26,102544.06,Medium,1
32,53888.82,686888.8,High,1
62,62050.93,350050.21,High,0
43,27316.01,108223.06,Medium,0
59,45912.02,264384.13,Low,1
52,15000.0,218378.25,Low,1
36,50557.18,122179.13,Low,0
32,68432.28,317850.14,Medium,1
54,38575.78,241033.49,Low,1
36,122211.4,211607.02,Low,1
32,27715.21,174428.88,Low,0
62,50716.67,248700.09,Low,0
43,44122.02,213790.72,Medium,1
24,42584.86,188157.02,Low,1
43,42257.65,111296.18,High,0
42,47730.48,641161.6,Low,1
60,71739.38,81870.76,Low,0
53,96006.65,248063.31,Low,0
30,44944.34,141567.45,Medium,0
28,70462.9,673587.09,Low,1
48,30590.54,91409.09,Medium,0
24,68575.68,103700.76,Low,0
36,29593.87,86972.62,High,0
28,81984.11,229420.29,Low,1
22,151792.58,64274.88,Medium,0
62,42077.63,125720.41,High,0
25,15000.0,35826.31,Low,0
22,33288.85,215567.24,Low,1
63,88605.49,123692.14,High,1
30,60998.83,58963.25,Low,1
57,51602.23,406329.3,Low,1
23,78369.13,67505.34,Medium,0
28,58739.47,327230.44,Low,1
26,87918.6,106396.88,High,0
53,74615.29,598325.78,Medium,1
49,103917.54,315803.36,Medium,1
42,54817.0,84514.32,Low,0
32,74036.27,90481.46,Medium,0
25,38005.95,283468.43,Medium,1
47,32325.59,147846.3,Low,0
32,115052.06,158530.97,High,1
47,50682.22,467376.9,Medium,1
52,70059.63,102661.81,Medium,1
59,48169.18,192756.39,Low,1
43,32592.39,368311.0,Low,1
22,45272.65,330231.84,Medium,0
34,99132.68,159692.06,Medium,1
59,61071.45,144933.85,Medium,0
45,17555.24,48854.44,Low,0
49,39975.95,81513.86,High,0
42,119931.9,228543.43,Low,1
29,40007.79,162316.03,Medium,0
61,16716.55,190404.77,Medium,1
56,127464.69,392445.26,Low,1
65,65495.3,73881.65,Low,1
59,43300.12,150779.97,Low,0
34,36685.54,207366.98,High,0
33,81610.35,106148.27,Medium,0
32,33400.53,526665.01,Medium,1
62,84622.78,355810.03,High,1
46,60634.86,223756.15,Medium,0
41,51482.27,691339.27,Medium,1
64,48749.53,58485.88,Medium,0
48,40871.38,178959.97,Medium,0
62,79979.04,236916.93,Medium,0
65,27958.57,90653.14,High,0
25,18441.5,225538.92,Medium,1
37,63092.67,78493.83,Medium,1
54,63678.28,302135.27,Medium,1
57,58603.54,397952.61,High,1
28,56312.31,220788.87,Low,1
36,37726.59,44851.57,High,0
46,69392.44,87170.13,Low,0
57,43886.45,274922.53,Medium,0
26,34423.86,182884.69,High,0
48,37906.49,23866.0,Medium,0
35,136730.84,457181.12,Low,1
31,17329.77,199427.19,High,0
44,59236.98,97382.92,Medium,1
40,17870.51,379621.06,Medium,1
49,42399.4,108288.81,Medium,0
35,35451.56,107406.18,Medium,0
58,15000.0,235502.46,Medium,1
25,55736.38,684532.21,Low,1
59,36512.02,608287.26,Medium,1
23,15000.0,235742.59,High,0
54,71409.07,254613.34,Low,1
37,99078.84,325896.89,Medium,1
38,102128.4,70120.77,Medium,0
22,54821.83,291799.84,High,1
52,46154.5,103793.33,Medium,0
29,93424.03,228563.8,High,0
51,113519.37,151768.47,Low,1
53,83941.93,262135.91,Medium,1
59,26811.12,196671.43,High,1
53,50269.68,17960.67,High,0
35,57305.49,205845.45,Medium,1
54,16632.74,291363.48,Medium,1
58,58253.89,251489.97,Medium,0
35,157088.29,166670.26,Low,0
27,63983.64,616820.54,High,1
61,101194.02,227349.09,High,0
28,49762.69,249937.73,Medium,0
48,43223.85,393990.1,Low,1
32,55498.82,236252.61,Medium,1
27,28730.46,91784.51,Low,1
56,26485.2,28910.47,Medium,0
28,90299.33,125853.2,Medium,0
51,95722.25,318513.86,Low,1
52,26090.05,138121.62,Medium,1
24,76635.61,328271.38,High,1
29,42898.4,201240.96,Low,1
56,54247.52,472957.91,Medium,1
44,57961.72,144249.48,Medium,1
27,77754.41,255613.87,Low,0
65,47094.56,263056.98,Medium,0
33,97734.2,555105.54,Medium,1
22,53348.16,50047.82,Low,0
62,63431.71,127631.94,Low,0
22,28456.26,340135.45,High,1
46,147514.27,573856.41,Medium,1
65,58268.77,215510.68,Medium,0
47,66607.09,144521.56,Medium,1
47,18581.39,317600.92,High,1
39,28622.02,345324.26,Medium,1
27,88898.79,137443.18,High,1
47,52691.42,230600.63,Medium,0
61,15706.64,436309.69,Medium,1
26,79656.37,743078.06,Medium,1
60,33367.49,314162.56,Medium,1
40,97796.31,186058.48,Medium,0
45,42877.74,172845.9,Low,1
29,50362.72,273418.69,Medium,0
49,86063.68,165042.37,Medium,0
30,27468.54,207511.6,Low,1
34,26065.09,81414.2,Low,0
53,40390.25,476158.01,Medium,1
24,70923.9,76540.37,Medium,0
41,21642.96,130174.13,High,0
48,17979.7,193669.25,Medium,1
27,70789.38,801269.23,High,1
34,32298.62,131097.93,Medium,0
37,36268.09,109228.82,Low,0
51,16206.57,119085.79,High,0
64,30976.35,624611.42,Low,1
58,44813.1,21838.98,Medium,0
30,75066.19,84851.56,Medium,0
22,29443.87,1396079.71,Medium,1
24,111968.7,280372.31,Medium,1
48,30881.48,78529.01,Medium,0
28,30906.36,174429.1,Low,0
32,104816.28,189340.65,Low,1
59,50550.13,339526.09,Low,1
60,33216.57,715215.11,Low,1
58,41319.7,240897.28,Medium,1
33,94713.16,120074.89,Medium,0
49,100793.52,324819.68,Medium,1
48,28715.19,106619.6,Medium,0
30,43961.92,82926.42,Low,0
46,47287.63,48087.64,Low,0
45,26159.97,55651.58,Medium,0
39,43642.69,91892.83,High,0
55,45131.93,74411.8,Medium,1
51,84249.08,227667.05,Low,1
45,87421.94,73215.38,Medium,0
53,37547.14,17033.93,High,0
55,40004.35,82271.36,Medium,0
46,64846.52,126350.79,Low,0
33,32616.19,114304.93,Low,1
55,62203.71,562617.7,Medium,1
53,42876.07,113613.23,High,1
65,26403.41,348503.91,Medium,1
28,26586.47,177455.5,Medium,0
40,99737.8,174378.51,Medium,0
62,41290.43,96199.26,High,0
44,110925.33,172236.73,Medium,1
63,33925.35,101406.25,High,0
22,52816.59,204481.01,Medium,1
23,167776.83,150772.13,Medium,1
57,25156.08,88631.37,Medium,0
37,15845.17,378750.47,Medium,1
44,91312.44,247915.31,High,1
40,28557.44,128626.11,Medium,1
39,44490.42,200753.27,Medium,0
63,32603.1,169032.32,Medium,1
26,52151.45,93903.12,Medium,0
55,26678.76,189773.08,Medium,1
61,40759.76,112978.56,Medium,0
50,57631.02,88611.04,Medium,1
39,25844.37,53297.07,Medium,1
29,30618.86,137551.9,Medium,0
52,37173.72,275389.06,Low,1
42,20507.98,106907.32,Medium,0
28,35668.0,1192119.83,Medium,1
37,48038.39,349750.87,Medium,0
64,36122.31,478762.4,Medium,1
33,38760.64,326813.32,Medium,1
29,44510.12,722419.2,High,1
52,31374.75,99753.82,Medium,1
30,65808.36,26374.66,Medium,0
62,99131.82,128813.12,Medium,0
59,34856.98,273587.3,Medium,1
65,58763.54,201662.31,Medium,0
62,39443.65,221309.31,Medium,1
32,55019.11,484752.94,Medium,1
31,106467.66,239726.82,Low,1
37,59526.72,327714.09,Medium,1
42,16967.24,88968.72,Low,0
60,57763.67,79155.29,Medium,1
54,88653.68,603980.73,Medium,1
50,39836.54,194150.38,Medium,1
60,77809.35,112790.82,Medium,0
50,30787.2,112946.13,High,1
38,19878.05,110621.51,Medium,0
40,48633.15,105766.9,Medium,0
44,17126.04,68758.2,High,0
25,39440.31,58419.02,Medium,1
54,91325.11,155508.99,Medium,0
50,15741.38,115383.63,Low,1
54,22263.29,412949.92,Medium,0
45,25509.34,224250.64,Medium,0
56,43459.81,219630.18,Low,1
63,36800.75,103091.46,Medium,0
47,97143.33,164380.78,Low,1
41,76062.4,235970.71,Medium,1
26,59090.05,308001.19,Low,1
56,48752.63,167760.6,Low,1
61,55865.04,404357.62,High,1
52,28010.3,181081.79,Medium,0
60,72105.35,326226.59,High,1
59,24411.1,124657.22,Medium,0
57,71244.66,46224.76,Low,0
44,86404.6,220131.72,Medium,1
26,50533.58,310117.08,Medium,1
22,40843.4,277124.63,Low,1
30,56083.01,247051.51,High,0
40,15000.0,138589.54,Medium,1
54,53138.65,98287.53,Medium,1
42,42280.15,272258.79,Medium,1
23,43764.24,247842.24,Medium,1
31,66370.68,118188.7,Low,1
65,43187.0,413651.98,High,1
65,24035.9,92833.51,Medium,0
38,41632.91,116200.17,Low,0
57,46703.45,614172.46,Low,1
53,47936.45,345292.99,Medium,1
62,49191.37,137613.62,High,0
61,79703.66,223294.69,High,1
49,24762.82,202158.3,Medium,0
39,49565.63,22959.84,High,0
49,91480.32,91204.24,Medium,1
36,17333.24,173264.94,Medium,0
37,49673.33,137757.96,Medium,1
48,32612.78,216650.14,Low,0
47,36699.82,419921.83,Low,1
47,27358.26,141430.02,Medium,0
38,40993.34,81427.72,Low,0
40,123884.92,229659.0,High,0
22,22448.54,140891.4,High,0
48,23650.33,160117.71,Medium,1
47,21990.23,144622.45,Medium,0
63,116366.25,967132.2,Medium,0
44,34896.12,33529.6,Low,0
42,44369.89,134519.13,Medium,1
24,36058.11,179502.67,Low,1
30,26768.61,100193.17,Medium,1
36,39540.66,353479.76,Low,1
38,173937.58,331258.86,Low,1
37,96766.56,173667.21,Low,1
39,28149.98,146929.3,High,0
55,64252.99,165502.98,Low,1
27,28483.5,166395.4,Medium,0
36,16939.71,169724.59,Medium,1
29,78837.87,156328.18,Medium,1
35,85175.48,217520.66,Medium,1
52,79997.17,316671.8,Low,1
24,34751.98,71540.36,Medium,0
36,41055.95,81855.78,Medium,0
23,67967.76,48500.22,Medium,0
64,55811.8,344727.72,Medium,1
53,36239.94,217174.1,Medium,0
32,18470.47,262935.17,Medium,1
30,47908.54,61610.55,Low,0
26,81460.46,686542.37,Medium,1
42,23289.18,114013.71,Low,0
55,63942.24,204202.31,Medium,0
47,54001.42,341635.83,Medium,1
60,67982.07,85860.34,Low,0
37,72693.29,119487.72,Low,0
34,30713.63,205888.69,Medium,0
43,18491.94,1534656.19,Medium,1
30,33556.37,225608.32,High,0
64,73382.28,600479.03,High,1
30,33400.15,444616.32,High,1
43,30720.76,237214.4,Medium,1
44,16525.75,85717.76,Low,0
24,117992.21,398525.73,Medium,1
42,70867.01,58520.32,Medium,1
42,68724.47,598013.42,Medium,1
33,76624.08,209131.0,Medium,1
27,61796.83,24662.63,Low,0
23,39341.57,139432.04,Low,0
22,41124.01,293952.36,Low,0
43,35569.98,150684.61,Low,1
25,191669.0,307726.44,High,1
64,61094.03,95148.49,Low,0
32,34868.1,67590.68,Medium,0
50,58130.22,170608.73,High,0
51,25808.0,184312.21,Medium,1
43,102939.47,138610.6,Medium,1
60,31282.99,451883.86,Medium,1
26,59279.26,95135.42,Medium,0
32,80878.67,227654.94,Medium,1
33,55605.67,189413.85,High,0
27,47399.94,56003.82,Medium,0
34,45268.15,66932.47,High,0
35,43624.54,181615.19,High,0
55,32768.85,795409.32,Medium,1
35,35143.74,277941.1,Medium,0
60,101538.41,49339.78,Medium,0
55,42392.33,17463.11,Medium,0
61,29208.93,311920.09,Medium,0
26,33875.73,167468.75,Medium,1
65,82423.15,423649.44,High,1
49,65251.31,92983.16,Medium,1
65,61242.63,234069.07,Medium,0
37,39057.15,339538.37,Medium,1
63,61683.21,128683.91,Medium,0
47,31585.68,130763.8,Medium,0
25,39012.21,183443.0,Medium,0
40,76711.76,270416.7,Medium,0
28,72785.39,178075.27,Medium,1
63,26222.35,373700.29,Medium,1
35,28109.93,127294.77,Low,0
31,47772.43,66464.0,Low,1
46,116283.98,792893.08,High,1
40,15691.23,114374.89,Medium,0
26,52443.98,117521.97,High,0
57,21111.94,171332.2,Low,1
59,31746.44,189301.82,Medium,1
54,36826.84,134685.73,Medium,0
49,35708.29,177661.74,Medium,0
39,33551.27,174711.35,Medium,0
45,45178.73,205217.7,Medium,1
44,33524.35,30717.77,High,0
29,20132.01,737756.69,Medium,1
25,69102.49,161174.98,Low,0
33,68084.0,278223.24,Low,1
41,71550.85,64031.86,Medium,0
29,19283.67,126432.26,Medium,1
26,53041.12,108713.93,Medium,0
59,65264.67,541991.15,Medium,1
38,25520.99,116000.75,Medium,0
47,45227.61,317830.06,Medium,1
45,42212.48,110513.92,Medium,1
54,123945.92,128187.32,Medium,1
54,129688.49,149724.09,Medium,1
35,18016.11,471463.03,High,1
59,177384.97,43622.25,Medium,0
38,27201.94,67101.69,High,0
58,77171.7,41782.52,Low,1
39,76741.02,79625.17,Medium,0
26,26024.36,97930.38,Medium,0
55,59024.92,53629.32,Medium,0
23,42415.72,103787.55,Medium,0
55,61040.89,39722.63,Medium,0
23,51087.11,83886.55,Medium,0
31,86890.54,442868.17,High,1
48,46905.37,243629.32,Medium,0
63,41031.16,207173.71,Low,0
39,82228.16,84848.98,Medium,1
27,61922.29,56877.12,Medium,0
32,67299.97,76599.44,Low,1
61,31222.53,174260.18,Medium,0
53,25324.39,345188.08,Medium,0
26,32931.03,354154.2,Low,1
38,31983.2,288852.48,Medium,0
33,69343.48,103522.52,Medium,0
29,76972.92,183344.93,Medium,0
59,41319.76,141450.52,Medium,1
49,98856.37,154789.25,Low,1
29,95518.57,829483.13,High,1
50,51445.96,48012.27,Medium,1
40,28634.78,150950.09,Low,0
24,107031.12,446646.98,High,1
41,43514.88,59951.64,Low,0
30,48233.48,111068.41,Medium,0
32,37333.08,121046.89,Medium,1
60,27585.16,152244.77,High,0
53,20063.67,54379.59,High,0
27,63735.4,281299.91,Low,1
59,29247.44,296685.4,Medium,1
47,242113.03,263548.75,Medium,1
60,24762.29,93707.35,Medium,0
54,22535.73,192066.17,Medium,1
36,59575.16,91686.64,Low,0
45,104353.58,140261.61,Low,0
45,46627.33,905111.19,Low,1
53,61645.23,193393.77,Low,1
32,16325.22,73870.38,Low,0
36,31001.36,206068.44,High,1
32,24932.54,65307.7,Medium,0
35,15869.31,73236.88,Medium,0
29,47990.43,82443.61,High,0
23,15000.0,128988.69,Medium,0
63,21746.54,363465.21,Medium,1
25,33488.63,277759.46,High,0
61,28487.21,266454.46,Medium,1
22,55962.8,78945.95,Medium,0
56,53235.83,119937.54,High,0
36,73571.06,220733.85,Medium,1
44,68065.71,112361.0,Medium,0
34,84277.04,146084.03,High,0
43,44952.54,250629.53,Medium,0
41,53173.99,138570.24,High,0
45,59620.23,213257.75,Low,1
39,48646.2,594370.7,Low,1
45,36169.12,158232.07,Medium,1
58,37480.44,435920.64,Low,1
41,28703.11,273823.68,High,0
37,56744.1,59890.95,Low,0
27,42732.26,78755.97,Medium,0
37,31246.8,96328.09,Low,1
27,31262.77,94805.81,High,0
30,23125.67,168214.43,Medium,1
63,77093.98,285413.75,Low,1
25,46988.47,461427.83,Low,1
43,27997.7,226804.44,Medium,1
58,70201.08,128856.22,High,1
63,33063.03,37760.97,High,0
28,20761.23,189786.36,Medium,1
29,78912.11,183512.81,Medium,1
38,33490.41,206469.65,Low,0
46,35937.02,873612.64,Medium,1
64,46030.84,456415.81,Medium,1
31,84359.43,324327.09,Low,1
29,45498.67,87479.02,Medium,1
33,23269.61,122512.22,High,0
60,60690.97,167640.77,Low,1
23,34464.1,100625.08,Low,1
38,127105.91,261989.71,Low,0
27,44972.3,235247.58,Low,1
28,15000.0,79577.07,Low,0
62,54773.87,441672.82,Medium,1
22,131130.27,194355.63,Low,0
36,107063.13,49212.79,Medium,1
62,123185.01,173200.47,High,0
48,25682.1,222263.07,High,1
25,74317.49,373362.99,Medium,0
42,30252.1,139749.22,Low,1
64,50908.08,334926.31,Low,1
39,22343.57,207123.11,Low,1
45,31570.14,67132.34,High,0
45,31022.94,62276.35,High,0
51,73763.79,417747.32,Medium,1
30,69899.47,441397.13,Medium,1
58,52400.35,229324.67,Medium,1
65,21411.55,552656.63,Medium,1
28,37911.74,397587.18,High,1
58,29853.39,300569.32,Low,0
57,72601.4,90873.94,Medium,0
54,86027.25,659530.63,Medium,1
38,80453.11,269126.88,Low,0
42,29704.3,134771.1,Medium,0
58,15000.0,109044.31,High,0
28,17027.56,218228.94,Low,1
58,98352.44,51401.25,Medium,0
62,36088.43,304208.04,Medium,1
52,29777.82,88038.9,Low,1
37,111066.11,237677.08,Low,1
46,90242.5,121722.22,Low,1
24,45609.19,147620.21,Low,0
62,38293.91,102030.77,Medium,1
37,41846.44,159498.54,High,0
24,50988.6,742476.72,Medium,1
56,108493.31,508645.63,High,1
50,56770.66,234819.25,Medium,1
49,67086.21,176617.46,Medium,0
24,85606.49,339036.49,Medium,1
55,23649.47,420075.58,Low,1
50,68158.54,96601.38,Medium,0
56,38269.36,169843.55,Medium,1
58,15000.0,45901.06,Medium,0
31,15000.0,417917.24,Medium,1
31,25705.32,847020.62,Low,1
62,60270.05,191142.42,High,1
45,47906.55,36568.94,Low,1
41,49802.45,284184.8,High,1
34,131588.73,91367.51,High,0
50,22391.09,109447.48,High,0
55,44326.12,287979.46,Medium,1
22,53202.32,217864.31,Low,1
46,30015.45,124820.32,Medium,0
65,45706.58,110581.48,Medium,0
34,18665.75,197815.32,Medium,0
34,97720.46,132403.98,Low,1
